位置,主线章节,活动简述,玩家机制,玩家目标,设计目标,情绪节拍,遇到的角色/敌人,遇到的物体,需要的其他资产,音频笔记,视觉效果笔记,,,,,,,,
野外安全区,序章,"【剧情】主角从野外醒来
在空地自由走动",走路,探索游戏操作、互动,让玩家学会行走操作,好奇、期待,,,,,,,,,,,,,
,,采集点互动，采集品进入背包,"走路；
采集",探索游戏,引导玩家采集，让玩家了解采集点的交互方式，让玩家了解背包的操作,好奇,,,,,,,,,,,,,
,,有怪物看守的宝箱，潜行开宝箱,"走路；
采集；开宝箱；
冲刺",获取宝物,"引导玩家了解怪物机制，了解宝箱互动方式；
引导玩家学会冲刺",紧张、谨慎,基础怪物,,,,,,,,,,,,
,,"【剧情】发现被怪物包围的水獭哥哥
引开怪物，在追逐战中逃脱","走路；
采集；开宝箱；
冲刺",解救水獭哥哥,"向玩家展示追逐战；
改变游戏节奏",紧张、刺激、专注,,,,,,,,,,,,,
,,"回到原位置附近，找到水獭哥哥
【剧情】水獭哥哥感谢，提出找地方避难/休息","走路；
采集；开宝箱；
冲刺",解救水獭哥哥,给玩家成功逃脱的成就感，推进剧情,自豪、满足,水獭哥哥,,,,,,,,,,,,
,,探索地图，寻找避难所,"走路；
采集；开宝箱；
冲刺",探索地图；收集物品,让玩家自由体验地图，向玩家展示安全区域地图,好奇、谨慎,,,,,,,,,,,,,
野外->家园,,【剧情】找到避难所，跟水獭哥哥一起进入,无,观察事态发展、静待游戏的呈现,引入家园,好奇,无,家园传送点,过场动画,,,,,,,,,,
家园,第一章,"【剧情】水獭哥哥需要房子
【任务】建造床",无,观察事态发展、静待游戏的呈现,给玩家一个建造房子的理由,平静,水獭哥哥,"水獭对话界面；
初始小屋内部",,,,,,,,,,,
,,建造床（查看材料）,"走路；
制造；",给水獭哥哥建造小窝，完成任务,让玩家学会家具制造，理解制造的界面和机制,平静,水獭哥哥,工作台,,,,,,,,,,,
野外,,探索获取床的材料,"走路；
采集；开宝箱；
冲刺；","收集到足够素材来建造床，完成任务；
探索新区域；
获取稀有物品","让玩家熟悉野外的机制；
让玩家初步体会到野外探索的乐趣；",好奇、激动、专注,无,,,,,,,,,,,,
家园,,建造床（实际建造）,"走路；
制造；",给水獭哥哥建造小窝，完成任务,让玩家完成第一次建造，熟悉流程,满足,水獭哥哥,工作台,制造物品房动画（第一次类似戴夫），后面直接跳转,,,,,,,,,,
,,摆放床,"走路；
制造；
摆放；",给水獭哥哥建造小窝，完成任务,教玩家家园装修的操作,满足,水獭哥哥,装修界面（工作台）,,,,,,,,,,,
,,【剧情】水獭哥哥感谢,无,观察水獭哥哥对自己行为的反应,表扬玩家的前序行动，给情绪价值，加强正反馈,成就感、开心,水獭哥哥,水獭对话界面,红点指引（对话/动画）,,,,,,,,,,
家园,第二章,"【剧情】水獭哥哥提出新需求
【任务】达成舒适度",无,等待观察游戏接下来的进展,"给玩家动力继续深入体验游戏；
引入舒适度机制",平静,水獭哥哥,水獭对话界面,红点指引（对话/动画）,,,,,,,,,,
,,解锁&展示新的蓝图,"走路；
制造；蓝图；",查看解锁了啥,给玩家新的游戏目标,好奇,,工作台？,,,,,,,,,,,
野外,,野外探索,"走路；
采集；开宝箱；
冲刺；翻越；",搜集家具；搜集制造所需材料；获取稀有物品；探索新区域,"给玩家挑战，让玩家获得克服挑战的快乐；
开放新区域、新怪物，让玩家获得探索的新鲜感和刺激",专注、激动、害怕,,,,,,,,,,,,,
家园,,建造&摆放更多家具，以达到舒适度要求,"走路；
制造；",获取更高级的家具，提高水獭哥哥家舒适度，完成任务,"驱动玩家去做装修的尝试，让玩家再次体验装修流程；
让玩家体验完整的采集循环，这是这个循环的正反馈；
家园舒适度对玩家的buff？如何引入蓝图解锁、装备制造",好奇、探索、摆放的乐趣,,工作台可建造物品增加,红点指引（工作台）,,,,,,,,,,
,,"【剧情】水獭哥哥感谢；
告知玩家水獭姐姐和妹妹的存在，并提出扩建；（@彳亍扩建是否需要提交材料？可以将找水獭和扩建做成两个平行的任务）
建议玩家制造装备
【任务】扩建
【任务】寻找水獭",无,等待观察游戏接下来的进展,"给玩家任务完成的正反馈；
告知玩家接下来的剧情和任务；
提示玩家可以制造装备",成就感,水獭哥哥,,,,,,,,,,,,
野外,第三章,自由探索,"走路；
采集；开宝箱；
冲刺；翻越；","获取更高级的物品；
（搜寻扩建所需材料？@彳亍）
寻找新水獭；",让玩家自由探索野外的整体地图，从中得到挑战和奖励,好奇、紧张、期待,,,,,,,,,,,,,
,,玩家发现水獭妹妹，上前对话。,"走路；
采集；开宝箱；
冲刺；翻越；",推进游戏,给玩家新的目标和剧情,惊喜,水獭妹妹,,,,,,,,,,,,
,,【剧情】水獭妹妹请求玩家收留,无,观察发展,衔接后续,期待,水獭妹妹,,,,,,,,,,,,
,,玩家带水獭妹妹回家，水獭妹妹自动跟随@彳亍,"走路；
采集；开宝箱；
冲刺；翻越；",将水獭妹妹安全带回,给玩家挑战，不想让水獭妹妹死的紧张感，但路过宝箱又想开,紧张、慎重,水獭妹妹、敌人,,,,,,,,,,,,
家园,第四章,【剧情】和水獭妹妹一起到家的剧情。根据玩家是否死亡有不同对白。,无,观察发展,"让玩家家里有新的小动物，于是有新的装修目标；
可以看到小动物之间的互动",成就感（未死亡回家） / 松一口气（猫车回家）,水獭妹妹、水獭哥哥,,,,,,,,,,,,
,,"【剧情】水獭哥哥告知玩家扩建成功。
【任务】让玩家给水獭妹妹装修",无,观察发展,给玩家新的装修目标，获取物品的动力,平静,水獭妹妹、水獭哥哥,,,,,,,,,,,,
,,……,,,,,,,,,,,,,,,,,